date,views,unique_visitors,clones,unique_cloners,stars,forks,watchers,open_issues,release_downloads_total
2026-07-03,0,0,0,0,,,,,
2026-07-04,0,0,0,0,,,,,
2026-07-05,0,0,0,0,,,,,
2026-07-06,0,0,0,0,,,,,
2026-07-07,0,0,0,0,,,,,
2026-07-08,0,0,0,0,,,,,
2026-07-09,0,0,0,0,,,,,
2026-07-10,0,0,0,0,,,,,
2026-07-11,0,0,0,0,,,,,
2026-07-12,0,0,0,0,,,,,
2026-07-13,0,0,0,0,,,,,
2026-07-14,0,0,0,0,,,,,
2026-07-15,0,0,0,0,,,,,
2026-07-16,25,2,39,27,0,0,0,0,10
2026-07-17,0,0,11,7,0,0,0,0,16
2026-07-18,3,1,3,3,0,0,0,0,17
2026-07-19,1,1,4,4,1,0,0,0,17
2026-07-20,3,1,2,2,1,0,0,0,19
2026-07-21,0,0,12,7,1,0,0,0,20
2026-07-22,0,0,4,4,1,0,0,0,21
2026-07-23,0,0,11,6,1,0,0,0,21
2026-07-24,0,0,4,4,1,0,0,0,21
2026-07-25,0,0,2,2,1,0,0,0,21
2026-07-26,1,1,5,5,1,0,0,0,21
2026-07-27,0,0,2,2,1,0,0,0,21
2026-07-28,0,0,3,3,1,0,0,0,21
2026-07-29,1,1,4,4,1,0,0,0,21
2026-07-30,0,0,3,3,1,0,0,0,21
2026-07-31,0,0,2,2,1,0,0,0,21
2026-08-01,2,1,3,3,1,0,0,0,21
2026-08-02,0,0,12,8,1,0,0,0,21
2026-08-03,0,0,2,2,1,0,0,0,21
2026-08-04,0,0,2,2,1,0,0,0,21
2026-08-05,0,0,3,3,1,0,0,0,21
2026-08-06,2,1,9,6,1,0,0,0,21
2026-08-07,0,0,3,2,1,0,0,0,21
2026-08-08,0,0,4,4,1,0,0,0,21
2026-08-09,0,0,3,3,1,0,0,0,21
2026-08-10,0,0,4,4,1,0,0,0,21
2026-08-11,0,0,7,4,1,0,0,0,21
2026-08-12,2,2,2,2,1,0,0,0,21
2026-08-13,0,0,3,3,1,0,0,0,21
2026-08-14,0,0,11,7,1,0,0,0,21
2026-08-15,0,0,3,3,1,0,0,0,21
2026-08-16,0,0,3,3,1,0,0,0,21
2026-08-17,0,0,5,3,1,0,0,0,21
2026-08-18,0,0,1,1,1,0,0,0,21
2026-08-19,0,0,2,2,1,0,0,0,21
2026-08-20,0,0,4,4,1,0,0,0,21
2026-08-21,0,0,3,3,1,0,0,0,21
2026-08-22,0,0,4,4,1,0,0,0,21
2026-08-23,0,0,5,5,1,0,0,0,21
2026-08-24,0,0,3,3,1,0,0,0,21
2026-08-25,0,0,5,5,1,0,0,0,21
2026-08-26,0,0,3,3,1,0,0,0,21
2026-08-27,0,0,2,2,1,0,0,0,22
2026-08-28,,,,,1,0,0,0,23
2026-08-29,,,,,1,0,0,0,23
